{"slope": 8.234265734265735, "intercept": 8.560606060606055}